Model,R2,RMSE
Random Forest-Reg,0.7648724631734272,0.17545381768860743
Random Forest-BinRAD,0.7530041713116816,0.18431002034649432
