Model,R^2,RMSE
ElasticNet-Private,0.6985398790065775,0.5307113996113053
ElasticNet-Non-Private,0.3836117471629519,0.7960622122129403
Lasso-Private,0.6743492389774716,0.5515939962008942
