Model,R^2,RMSE
Auto 1,0.7669306193135658,0.48249730626912246
Auto 2,0.5320158694041923,0.6721977482278032
Auto 3,0.5749400834122662,0.6253586511083457
