Model,R^2,RMSE
Auto 1,0.8695583497939248,0.36096111889682103
Auto 2,0.445586850340826,0.7316413650230416
Auto 3,0.5360489576636003,0.6533413765686884
